id,uid,topic_id,news_id,has_news,has_link,status,comment
3ad4a9f7-4ecd-4d6d-89fa-ff3d4fea7429,499,1,1,True,True,ok,
1ca2f3d4-94f0-44de-89ee-05385d6b5c62,499,2,1,True,True,ok,
878c8d6f-57fc-40d2-a2e5-c0d7e9e058a5,499,3,1,True,True,ok,
828f5693-077c-4aed-8f2b-53223b57eb61,499,3,2,True,True,ok,
32003a5a-0b81-4a88-a01e-4bf9de1eae2c,499,3,3,True,False,not handled,
b64800ff-8450-43b0-ac65-e5329bb8cd21,499,3,4,True,True,ok,
5c9390e7-4b6d-4d57-b7a9-bd7a76de353a,499,3,5,True,True,ok,
9274dff9-a24c-469a-a72a-0bc358c32e6e,499,4,1,True,True,ok,
9d526a07-b116-4a7f-8472-312ba0f36beb,499,5,1,True,False,not handled,
a33c3e43-0868-4aaa-95d1-1c7fed8e1a0b,499,6,1,True,True,ok,
9fc518fb-b61c-4599-b5cf-62f47d2789e2,500,1,1,True,True,ok,
3c05458c-cc80-47b7-8c0d-06cdd3fb370e,500,2,1,True,True,ok,
57318953-d65b-47fa-b04f-2ddc7e79bf33,500,3,1,True,True,ok,
69e0157e-a9dc-4b69-af40-9f3e6fb2d436,500,3,2,True,True,ok,
29190721-ee22-4818-897b-1b6fa1595e51,500,3,3,True,True,ok,
601e4e2d-ac7d-4b3f-9d54-5781ecc6a504,500,3,4,True,True,ok,
a0fa1390-ba6f-4232-bd52-0341198dd141,500,3,5,True,True,ok,
e495cfa4-1425-4104-8d84-d3c3e96cccc1,500,4,1,True,True,ok,
6dadf5c9-3a2b-40c2-9096-93b253457cd2,500,5,1,True,True,ok,
9a207acf-fbb8-4963-bac9-6e935711c042,500,5,2,True,True,ok,
302e6ccf-ea21-482f-bd64-066a2dcf4129,500,5,3,True,True,ok,
88daafe3-23fa-4816-858e-7a81e770b912,500,6,1,True,True,ok,
9475cadf-44ea-4d81-82cc-46eb9fe46ecd,501,1,1,True,True,ok,
cb1a3fca-2dc5-4fd7-b092-ffa7d12295e0,501,2,1,True,True,ok,
ad067339-2c88-4ba9-887f-bc33b741d79a,501,3,1,True,True,ok,
773836ed-1547-4621-8794-cd685cdf97d4,501,3,2,True,True,ok,
f8d32865-d99f-4837-95bc-db531bb5a9d3,501,3,3,True,True,ok,
c9064075-6e85-4a95-bfcd-027b0cb62e40,501,3,4,True,True,ok,
c6263c52-cf05-4278-8fb6-d6c02f2a11c8,501,3,5,True,True,ok,
f92900a2-cece-427b-8e05-afe51ef84e2f,501,4,1,True,False,not handled,
96de7330-315b-4159-9c3b-e15ebc573a17,501,4,2,True,True,ok,
5061819a-ade7-45a1-bd96-087f0c6aabfa,501,4,3,True,True,ok,
46fe3602-9f57-49b6-9639-be2a7aab7f82,501,5,1,True,False,not handled,
4f8c4402-219b-4a9f-a4e3-b3fca19b23da,507,1,1,True,True,ok,
9ae7a18b-8db0-440d-af51-33036434cab2,507,2,1,True,True,ok,
fc88fbf3-30aa-4fb6-ade2-7babace60209,507,3,1,True,True,ok,
806fd4d9-7459-46e8-9bc6-ab7f92878541,507,3,2,True,True,ok,
52d6076d-1ad4-436e-b41b-e69c65af57c8,507,3,3,True,True,ok,
8ba56231-3466-4724-9c40-9d11a0ab2536,507,3,4,True,True,ok,
eaa47bf8-b5b7-4f58-9e7b-335240809f60,507,3,5,True,True,ok,
40665aad-591d-45b2-b83f-e30f933b9854,507,4,1,True,True,ok,
8f3196c7-2743-4f95-91c3-f54ad288eecd,507,5,1,True,False,not handled,
1afdf73b-f58f-4a45-aeda-5e8f9fce26f5,507,5,2,True,True,ok,
fe9caeaf-7837-4301-a1c6-4bbb1c439ffb,507,5,3,True,True,ok,
4962c328-d371-4595-93f1-a597990eaa65,507,6,1,True,True,ok,
a5f96b30-e392-49d9-9875-413019507ff2,509,1,1,True,True,ok,
531cae80-e6da-4be6-be5e-673c55ad58ac,509,2,1,True,True,ok,
ed9aa928-af3a-4ad7-9ced-1c2b20a6b1ae,509,3,1,True,True,ok,
715a433d-7a94-4dd4-b80d-8a8f97602a67,509,3,2,True,True,ok,
d09e2f11-d191-4091-93d8-cae499abcad1,509,3,3,True,True,ok,
a03873b1-905a-4942-a430-6fc03211ff8c,509,3,4,True,True,ok,
68ff78a9-d1e8-4719-bdc3-f9d91d42f921,509,3,5,True,True,ok,
2c3d0d23-e833-4022-958e-537bf9cae31a,509,4,1,True,True,ok,
58e67294-9767-4331-a822-8ea9c9d2cb75,509,5,1,True,False,not handled,
3b8f9e68-eef6-48d1-a1af-6c10c243fa1a,509,5,2,True,True,ok,
3b55cf3a-2e58-4574-892d-b1b14750df12,509,5,3,True,True,ok,
0258cef3-ce38-4580-a1aa-16dd310b9028,509,6,1,True,False,not handled,
1c272448-4500-49eb-937c-b380849f64dd,510,1,1,True,True,ok,
64c662ce-c2f6-4b2b-8cc7-c5bfab48814c,510,2,1,True,True,ok,
83c6d0b2-6f0c-470a-ae73-da0571891c3b,510,3,1,True,True,ok,
442f93dc-6ffe-40af-86f6-55c553f42b6d,510,3,2,True,True,ok,
ad419cb8-6d46-49db-a34c-d9950579df75,510,3,3,True,True,ok,
a4c06c9b-c3ef-47df-8624-99e86f3901db,510,3,4,True,True,ok,
559c5b0f-b550-4559-8d61-8ca0a6c1addd,510,3,5,True,True,ok,
7b19d745-89ed-4063-8938-fe8a3eb26b3f,510,4,1,True,False,not handled,
f2409c62-07a2-46fd-b82f-522e61bb00bb,510,4,2,True,True,ok,
68e43d0e-628b-4718-a3b3-ce9782916888,510,4,3,True,True,ok,
a63f4f70-cbf9-4db6-8b78-bd3605979d5e,510,5,1,True,True,ok,
0417a465-e091-4b39-aad6-9b3f933d304e,517,1,1,True,True,ok,
0beb5de3-ae10-4869-a0d0-2643b9707a84,517,2,1,True,True,ok,
ac0f5635-fdea-4d66-bca4-f2ec4baf41c6,517,3,1,True,True,ok,
10bc6525-6d4e-4913-a851-8fa22d849ab4,517,3,2,True,True,ok,
64ba48f1-93a9-4bdf-a513-36dea4945338,517,3,3,True,True,ok,
41bd06dd-bddb-4075-8a5d-aae234ed9043,517,3,4,True,True,ok,
81cb59c8-3963-4f17-ab97-4167edf09f9c,517,3,5,True,True,ok,
09f59a3c-7d9c-4a0c-85ac-b5c9e97e3584,517,4,1,True,False,not handled,
8580c733-f535-4294-a2f5-63382fda39cd,517,4,2,True,True,ok,
7bb2483f-087b-4eed-9d3d-7df45c21d526,517,4,3,True,True,ok,
d699789b-59a9-415b-a1ab-800fa340a09d,517,5,1,True,True,ok,
8eeb4b77-196d-4ded-bdd9-24e9f775b617,519,1,1,True,True,ok,
34b31f50-97b3-428d-9f6b-0dcc81631f4a,519,2,1,True,True,ok,
8d1670e4-fb32-40c8-af1b-261af8ab8749,519,3,1,True,True,ok,
431eb088-4d65-4f1f-ae05-3a0727f175af,519,3,2,True,True,ok,
fe31fc89-ed89-4ea0-a589-779f43487b9c,519,3,3,True,True,ok,
84a43f4b-1ed5-4661-b7ec-54e0f4c11eb3,519,3,4,True,True,ok,
30516dd1-f72f-4de5-bdaf-074e604b13b5,519,3,5,True,True,ok,
a01e0f4d-5f63-4601-8df9-5a6b3c80431d,519,4,1,True,False,not handled,
129cfaa3-a52a-4ad1-b0f0-bd492f89f5a7,519,4,2,True,True,ok,
8d943b50-5ae2-4534-8cdc-f30f02bfff38,519,4,3,True,True,ok,
3b72d34a-40d9-49ef-90df-14b3ee2459cf,519,5,1,True,True,ok,
d0e6bb25-ecf0-4b7f-94cc-96349e2bb00e,522,1,1,True,True,ok,
f3943908-2ee5-4ed8-9de8-b61d4b8fed04,522,2,1,True,True,duplicated news headline,
f3302ea5-cefc-4536-9016-72ca41ba6b52,522,3,1,True,True,ok,
cd9960cd-7f39-4255-bd70-88865796368f,522,3,2,True,True,ok,
6854b6fe-1df7-494f-831b-55ab96d4e57c,522,3,3,True,True,ok,
d97ce825-edba-4b2a-be8a-da2982529e2c,522,3,4,True,True,ok,
e576f62b-12d0-443c-b9de-f33127c5d0f3,522,3,5,True,True,ok,
72b6fe93-ed79-4491-99c7-c999140c073e,522,4,1,True,False,not handled,
7a877b68-4aff-432a-be58-d12c01abe488,522,4,2,True,True,ok,
1f1003ee-3ae5-4ad9-b016-230829051571,522,4,3,True,True,ok,
238b4e00-1f35-4928-891b-75e7d125fbd8,522,5,1,True,False,not handled,
6c9be59f-5749-48dd-a298-139f25f5d53f,525,1,1,True,True,ok,
7295b14a-e4e3-48a0-b674-ec6a43a08811,525,2,1,True,True,ok,
a2dd3fcd-2c88-4393-a995-40158baca1f4,525,2,2,True,True,ok,
72c96d3a-9e08-4696-b994-649453c48c4f,525,2,3,True,True,ok,
5b3bcf39-f8ed-46d6-ae80-f1fc4a77a661,525,2,4,True,True,ok,
288b4df8-98b9-4a7c-9954-e0c79c07de6b,525,2,5,True,True,ok,
ef5a9c5c-b9bd-48cd-8314-542f0b9af124,525,3,1,True,False,not handled,
e873acf1-95fb-449e-bc4b-7d31fe3e0305,525,3,2,True,True,ok,
618e4772-4716-44ae-ad51-0c863e723492,525,3,3,True,True,ok,
80b8caa6-adb3-48e8-a6d6-6d569ef02da9,525,4,1,True,False,not handled,
4658f9fb-bfc1-4990-ac0c-7b513e586009,530,1,1,True,True,ok,
a42d59a4-fdeb-4a70-8747-1031724e22c7,530,2,1,True,False,not handled,
2a2e0e6b-067a-462a-a4d5-604df1c4dc59,530,3,1,True,True,ok,
5d4ec676-78c7-48e9-a289-7c9816749dc9,530,3,2,True,True,ok,
e9155d70-33fb-4568-a227-e6c188c041ce,530,3,3,True,True,ok,
89d76bb7-302b-47e7-b516-5b54cea6674d,530,3,4,True,True,ok,
74e43cec-2321-4b2b-a951-fe67e67d2e18,530,3,5,True,True,ok,
cc17fd6a-a67b-4162-9c56-7eb98d81fc19,530,4,1,True,False,not handled,
afcbb056-e248-4795-9233-718f6b6be852,530,4,2,True,True,ok,
40ee2830-5383-484e-bf22-fb52e171f3ae,530,4,3,True,False,not handled,
24e0a340-31ea-4dce-a505-1ebe9ceca5cd,530,5,1,True,True,ok,
b4f0cf94-5bc1-4733-8a8b-3ecc66722de6,532,1,1,True,True,ok,
7be40a98-0012-46de-8486-ce595cc382eb,532,2,1,True,False,not handled,
0968d128-be96-424d-b1b7-36f300e6199b,532,3,1,True,True,ok,
7382f5b5-642e-42a2-84d9-ebaef205eece,532,3,2,True,True,ok,
c6f7b0b8-a523-432c-9a17-c6f5a448d19c,532,3,3,True,True,ok,
9452fa13-d5c6-4343-887e-dd66d8a9b6b8,532,3,4,True,True,ok,
498565b4-346a-4106-9a1d-6739676f70a2,532,3,5,True,True,ok,
65637632-c86e-4f94-b0ef-f3ff693c5da6,532,4,1,True,False,not handled,
7437d5d1-dcdb-4969-b1db-895a5831f940,532,4,2,True,True,ok,
f995c274-e789-4cec-b030-a2e170847741,532,4,3,True,False,not handled,
a367642f-2938-437c-acdd-fad852ed7603,532,5,1,True,True,ok,
98ec1480-9a09-4d6b-882e-5de3131fdf94,534,1,1,True,True,ok,
92d708a0-a61b-4c05-9150-bb758ac9d094,534,2,1,True,False,not handled,
4f4295ae-af12-466d-aeb2-7fc3076474f5,534,3,1,True,True,ok,
73fb3c7f-f5a8-4bae-99ed-1bcf540fb7da,534,3,2,True,True,ok,
92488e12-06bf-4587-8dad-38906904d00f,534,3,3,True,True,ok,
6d7842b6-7f3b-4489-8c0b-dfd8684d26a1,534,3,4,True,True,ok,
f729612b-ef08-4cdc-83c8-2465cfb20581,534,3,5,True,True,ok,
446d7afe-b3ce-4d93-aac1-1e25b8040fe9,534,4,1,True,False,not handled,
075e481b-84b9-4a7b-8e4b-3bf5e4d6fdb1,534,5,1,True,False,not handled,
76c9e272-66f3-4a84-af3d-876aab75d9ea,534,5,2,True,True,ok,
0c965bf0-2ffe-44ee-903f-363384d1b943,534,5,3,True,False,not handled,
291ccf95-fd32-47f2-917f-d2cd82cb65c6,534,6,1,True,False,not handled,
88815a52-e028-4e62-8cbf-83e20f82a1c3,537,1,1,True,True,ok,
81b31023-840f-446e-8e78-91e39ab22a64,537,2,1,True,True,ok,
64a5c78b-3141-4ad9-8987-1a19d6f00b57,537,2,2,True,True,ok,
0268dda8-8780-4931-9943-586bd4969d78,537,2,3,True,True,ok,
aeafce98-8250-44fa-a147-d7df7fe7d610,537,2,4,True,False,not handled,
eeef2ea6-cc62-48a0-85ae-7701d0fd51c1,537,2,5,True,True,ok,
ad21bb90-e28d-4e92-bcae-7420fc71b282,537,3,1,True,True,ok,
43814277-ba21-447d-8a02-9885dc86d94a,537,4,1,True,False,not handled,
a354a827-52cf-43cd-883e-47ba5183e839,537,4,2,True,True,ok,
927d6b61-ecdf-4ef7-857c-2c9ae91eee45,537,4,3,True,True,ok,
9037d733-2711-470b-abeb-aee3db0c53e0,543,1,1,True,True,ok,
20413f83-16df-435d-a30e-af2e6b98fb4b,543,1,2,False,False,not handled,
f355b9b2-d68a-4f05-bc5b-542e69138e84,543,2,1,True,False,not handled,
c77a49ce-2d55-44a7-ab89-85fe9539f503,543,3,1,True,True,ok,
2374a67d-90a6-44fa-a8b9-dfe2459aade7,543,3,2,False,False,not handled,
6f722596-cee8-4ce3-ae8f-473d50a3a089,543,3,3,True,True,ok,
f173d93a-1560-48ef-abd9-f37302b39338,543,3,4,True,True,ok,
10abd73a-31a5-459d-8f12-ae299ceef66d,543,3,5,False,False,not handled,
19c1e155-7ce0-45c6-ac43-23543eda7a34,543,3,6,True,True,ok,
daa5afc7-596f-4e7c-81b9-c40cb8d724f5,543,3,7,True,True,ok,
e3e9f8ca-c782-4a0d-8c6a-f791d5f3a155,543,4,1,True,False,not handled,
ec1676dc-5aac-4f83-b9b9-9c2b977c6db4,543,5,1,True,False,not handled,
af9f60f4-311f-4994-98a4-2cdefe766f7f,543,5,2,True,True,ok,
7addf134-ab39-4e02-8135-bfd5732b652a,543,5,3,True,False,not handled,
6e1ca63c-f332-43a2-9d44-17f9255fae6f,543,6,1,True,False,not handled,
11220598-878f-444f-9854-1cb69fec228d,547,1,1,True,True,ok,
147d6610-8c10-4721-a99a-bea92c741845,547,1,2,False,False,not handled,
b931d718-1fbf-45dd-b15b-01b4d6eb6104,547,2,1,True,False,not handled,
951c5e5e-6506-4b11-8085-0ac1ecd0e514,547,3,1,True,True,ok,
4fad859d-4ce6-4389-9829-492402675271,547,3,2,False,False,not handled,
9f5ca698-1b4a-4759-902d-48367ebcf39e,547,3,3,True,True,ok,
39cf5418-a05c-4f6a-9dd7-e2f90b41963e,547,3,4,True,True,ok,
b55bf53d-0831-4a4c-872b-066659455c2b,547,3,5,False,False,not handled,
1009c486-4eb0-4dba-8d50-2439860ac43a,547,3,6,False,False,not handled,
8740f44f-c0bb-4fe8-b3f9-7c45b03cd9b0,547,3,7,True,True,ok,
f5138b3e-945f-4b07-b6fa-79893dc8d2dc,547,3,8,True,True,ok,
641c09ce-f4f3-4871-a37a-4141f2505825,547,3,9,False,False,not handled,
6b6884e5-d180-4efd-93c4-d5dc990c7195,547,4,1,True,False,not handled,
4ce59e9e-0aef-4094-9b97-cf41892746f2,547,5,1,True,False,not handled,
d4d78fa7-1b1f-42de-a039-35abef2c2c69,547,5,2,False,False,not handled,
93e8ed72-2930-4cca-adc4-8afb0f893ba2,547,5,3,True,True,ok,
e07ec230-9ebb-4e91-9811-50d9c7129fc7,547,5,4,False,False,not handled,
5e4ec5c7-2649-4c25-82eb-5fc09436d6f8,547,5,5,True,False,not handled,
be9f5dd3-9112-4b86-9c90-8f6e4dc2f848,547,6,1,True,True,ok,
39c5ea9f-bbd8-40cd-a6d6-136e8156eaec,559,1,1,True,True,ok,
7056b22f-f9f5-4518-8d9f-4c75ca901d4a,559,1,2,False,False,not handled,
560c52bb-59f3-4db8-aab0-7f1051e419a9,559,2,1,True,False,not handled,
e57582b1-ddfb-4d52-8da4-94c1681e3676,559,3,1,True,True,ok,
c39f6465-4f49-4afb-8d2b-db75c3d029b5,559,3,2,False,False,not handled,
b2d00e73-0309-4a84-9d6b-97de00f25d5a,559,3,3,False,False,not handled,
0f529530-5b32-4b74-ad63-418a885e49cc,559,3,4,True,True,ok,
db15e597-110b-438c-99e5-5d639432d61e,559,3,5,True,True,ok,
16fa6b63-5eb0-48d7-ba8e-3f5dfd28aead,559,3,6,False,False,not handled,
8df238c4-22e6-4ec0-9f11-b3d99a7f1001,559,3,7,False,False,not handled,
82fc5206-c2f0-4bc1-bfd5-6e2c736959fc,559,3,8,True,True,ok,
a833b305-3ad6-4462-8294-33a4eb13a052,559,3,9,True,True,ok,
b362a33e-fde9-4fd0-ae36-5e6f295ba4f5,559,4,1,True,False,not handled,
d37cb8dc-f73e-4aaf-b826-5b74bdbd6405,559,4,2,False,False,not handled,
134d91db-ef21-49c2-8ae7-c4f7286773ff,559,4,3,True,True,ok,
a0d346a4-0098-4dc3-a9b5-d6686072b31d,559,4,4,False,False,not handled,
858aff67-70a5-4475-b585-c85ffc51158c,559,4,5,True,False,not handled,
c13aa9c1-50bd-4bf4-b089-6e92849405d8,559,5,1,True,False,not handled,
e6e48705-b23f-4fac-bcb1-fd18cdbd03f8,564,1,1,True,True,ok,
05d06c26-a092-48e5-894e-ebb7b8e9201e,564,1,2,False,False,not handled,
edf877c3-be04-4248-ba2e-5275b26d4bc9,564,2,1,True,False,not handled,
bf45c69e-791d-484e-a9ba-ddd8c7d0d624,564,3,1,True,True,ok,
1142e917-3efd-42cb-a4e7-209a1b34e865,564,3,2,False,False,not handled,
e82b6ad4-adf8-468b-9872-ad3f4cf993fe,564,3,3,False,False,not handled,
f8020d95-6f97-4ba1-af50-a97caa708960,564,3,4,True,True,ok,
03878454-b390-471d-8724-1bc4c30ba40d,564,3,5,True,True,ok,
619c0027-36bc-49ac-a9db-7a4b94e89f5f,564,3,6,False,False,not handled,
f96339af-7084-4b36-b0bf-89e47592aa51,564,3,7,False,False,not handled,
969946c3-69a3-4823-8489-158401b94a24,564,3,8,True,True,ok,
ef90680d-8f24-4b77-b045-ecf305e8f8c7,564,3,9,True,True,ok,
f53fa5fe-bdc5-45c7-bb95-fa5b419bb6d5,564,4,1,True,False,not handled,
98900038-bae4-44e2-af0c-cbf7b74dab80,564,4,2,False,False,not handled,
1bb4e8ca-d81e-43df-a7fc-ec4e21451f8b,564,4,3,True,True,ok,
e866adfa-28d9-4fef-a19d-3bbc64c7d8e6,564,4,4,False,False,not handled,
d5881204-7553-49cf-96e8-7b2951133121,564,4,5,True,False,not handled,
0ba0ab31-c912-41a7-bf35-41fd4b71f681,564,5,1,True,True,ok,
62e95255-96ea-491c-ad1a-afe4f3c6af95,565,1,1,True,True,ok,
7e0f3c20-43cc-4883-8789-1c7b8545dae5,565,1,2,False,False,not handled,
1205621e-0341-4812-a685-fd62f163ceb2,565,2,1,True,False,not handled,
e9b1adc5-6160-45a8-a26f-0bb7e2e3ae03,565,3,1,True,True,ok,
df4232f9-24a3-4feb-b7ff-6833b941f470,565,3,2,False,False,not handled,
0c54b17b-f87e-47d2-bcd9-5e9349a94496,565,3,3,False,False,not handled,
d7352063-2880-4358-89e3-1baa2e685a99,565,3,4,False,False,not handled,
bcf5c0b1-0a9c-4f46-b07f-0e905d74430c,565,3,5,True,True,ok,
c2f8753c-0d04-474c-9508-89423c910b68,565,3,6,True,True,ok,
d1963ccd-e875-4faa-a072-0f9013f9686c,565,3,7,False,False,not handled,
e5402e0a-5fc4-4721-a8ba-e95f3614d22d,565,3,8,False,False,not handled,
55b6166d-d2dd-45cc-aef7-119d3f6dae17,565,3,9,False,False,not handled,
cf97e1ec-6554-4b5f-9019-5c77bd098314,565,3,10,True,True,ok,
3f6be5b4-2837-4c94-9859-5151bf3aea22,565,3,11,False,False,not handled,
040c0d4d-b0a9-4d7e-bdf4-4192a5d9f6e7,565,3,12,True,True,ok,
86cb4da8-20b9-45d4-9bc7-d57729f808dd,565,3,13,False,False,not handled,
f1ecc14f-8ea9-4b78-a7af-69544796d109,565,4,1,True,False,not handled,
645f79d5-33df-4773-83c4-9ed5a4dd6d7c,565,5,1,True,False,not handled,
bb07a055-4fc7-4876-820f-6f06b45cac4f,565,5,2,False,False,not handled,
d87ee71c-ee9d-493c-8d37-3ac3edca09ea,565,5,3,True,True,ok,
6b8a7c7c-b128-4b7a-8192-71bd5befef0d,565,5,4,False,False,not handled,
0da53177-efe2-4bf5-add8-4771ec1e7dd3,565,5,5,True,False,not handled,
d317e7ad-8fd9-45c5-b685-f1c5090ed31e,565,6,1,True,False,not handled,
902f06eb-a8ad-49ae-8802-1d70e4760ec7,567,1,1,True,True,ok,
12b62ddb-9e78-420a-9552-faa3dadf087e,567,1,2,False,False,not handled,
e1b889ca-a7fe-4ccc-aea2-1c009b940820,567,2,1,True,True,ok,
6facb358-91a6-497d-b6d3-289e36603d12,567,2,2,False,False,not handled,
90855a30-b21f-478c-b064-3bfefc3f2f60,567,2,3,False,False,not handled,
73e52ddd-4663-47aa-84fc-136d4a87ff1d,567,2,4,False,False,not handled,
915407c6-582a-418e-ab10-1e5ccb004e37,567,2,5,False,False,not handled,
722edd79-4bd7-4b60-8a50-c47cbffbc51f,567,2,6,True,True,ok,
a2da69a5-8192-4fe4-b526-7c403b7b1b1f,567,2,7,True,True,ok,
e974b474-1efc-47c3-8321-61789e26b570,567,2,8,False,False,not handled,
61e36feb-f41d-412c-9fd4-eaa9bd1d28f6,567,2,9,False,False,not handled,
761d20bf-4f17-4ccd-a01e-b4e4a29b21b5,567,2,10,False,False,not handled,
41dc76cf-d720-4799-b012-a4760dab5c84,567,2,11,True,True,ok,
aa25f106-a218-46f2-83d6-0ff1a89ddb39,567,2,12,False,False,not handled,
d3befe91-8345-4bfa-b94a-e6b1027a79c9,567,2,13,True,True,ok,
fcb014eb-63ac-4c3b-8841-442d96934856,567,3,1,True,False,not handled,
bc91aad4-8dba-4d74-80cf-30dd64382252,567,4,1,True,False,not handled,
5f75ca31-2f11-4f97-83ca-21cb9c74e5e3,567,4,2,False,False,not handled,
dd063f18-615a-4653-9c64-dd84b7580ac2,567,4,3,True,True,ok,
93a47127-64e4-4367-9de9-77caa30b7e9f,567,4,4,False,False,not handled,
aa3222d9-f4bb-464e-a62c-ffaaac6728ce,567,4,5,True,False,not handled,
694ead4e-5e29-4e88-8abd-16fe952d4fb0,567,5,1,True,False,not handled,
d70eaefc-cc66-455c-b9d6-ace70c152bd2,569,1,1,True,True,ok,
06ba1552-86eb-43c6-858f-1505d0a89687,569,2,1,True,False,not handled,
961c6776-bdbd-4b4d-adaf-7848bf6e0f31,569,3,1,True,True,ok,
d47d05aa-ef18-4839-b2db-7d2bc8e1767a,569,3,2,False,False,not handled,
f67b73cf-4aad-4f58-8ad8-ba8fd6310d67,569,3,3,False,False,not handled,
1a46f8fa-3723-4eb7-81cb-1ee13b4b2d6a,569,3,4,False,False,not handled,
35fd6332-e057-4116-ad37-e867321a1484,569,3,5,False,False,not handled,
c589a7b1-cfc2-477a-9634-dced40c49be5,569,3,6,True,True,ok,
c9d49e55-ed4e-4924-abac-8818fe06f869,569,3,7,True,True,ok,
64ffe003-6ebe-411f-9804-f34200a2eb25,569,3,8,False,False,not handled,
0c83d2f3-7fef-4ebd-8f1a-873e8f8527db,569,3,9,False,False,not handled,
dfc09026-43a8-45ec-ae15-12949efeaf30,569,3,10,False,False,not handled,
3b67690c-a7e8-46ba-9f9e-8445cfb63d87,569,3,11,True,True,ok,
9862a991-5a3a-4f19-b15b-2d51f2cffcf5,569,3,12,False,False,not handled,
4dc7ebe8-33d1-4064-ad4b-16c8297cc1d1,569,3,13,True,True,ok,
e37699e0-9628-442c-af40-49f16a733704,569,4,1,True,False,not handled,
18283ede-3892-47ce-a1f7-0b7fac2fec00,569,4,2,False,False,not handled,
07273d90-8259-402d-8f94-0ab6a4aad697,569,4,3,True,True,ok,
dc27ef09-83e8-451f-ba39-b9a29059d7f6,569,4,4,False,False,not handled,
f14bbc12-f686-4759-808c-5f7b3ed77402,569,4,5,True,False,not handled,
d6647410-3647-47ec-aa5e-f0e64ce61c3e,569,5,1,True,False,not handled,
ecd47787-a635-4022-8c78-29825d8a3c96,572,1,1,True,True,ok,
756a9d6c-d753-4be2-b819-2425199db97d,572,1,2,False,False,not handled,
991d84e2-7b32-4e1f-a20b-2b27c80d3885,572,2,1,True,False,not handled,
38ea93a8-c9d6-47aa-a695-d56dc003e38b,572,3,1,True,True,ok,
9dbe5553-204b-46e7-90ba-70e159c92c8f,572,3,2,False,False,not handled,
534961ba-4431-491b-9e8e-c035b16dd6fd,572,3,3,False,False,not handled,
27bf110a-71ce-4deb-acac-c16d2062c5c9,572,3,4,False,False,not handled,
fc6e066b-f2df-4c90-9a4e-2456b567dd55,572,3,5,False,False,not handled,
81cb5145-c4d2-4d88-a8e0-cba7b8960a68,572,3,6,True,True,ok,
f5b8aa21-e380-4b1a-8d0f-26d76bd5eaa1,572,3,7,True,True,ok,
2317e5b0-2625-48e7-b20a-72196496279b,572,3,8,False,False,not handled,
f946ac8d-ca78-4df1-9b05-ebd12e04672e,572,3,9,False,False,not handled,
63d77ac5-b08b-4307-b6cd-e3c287f70891,572,3,10,False,False,not handled,
91fc325a-13bb-41d3-954f-a8a63010658b,572,3,11,True,True,ok,
11d408a4-a17d-4bf6-8459-5868552346c3,572,3,12,False,False,not handled,
4758d441-f846-4b68-93bd-5b1a956d04e8,572,3,13,True,True,ok,
86234d20-a577-4dc0-bde2-9133eaa3cfca,572,4,1,True,False,not handled,
32ba23f6-05dc-485a-a69f-f710bf708106,572,5,1,True,False,not handled,
3b56903b-7b0a-48a4-a42f-9fb11fff37d8,572,5,2,False,False,not handled,
a8dd5626-9011-4722-a582-cbe18db3fbb3,572,5,3,True,True,ok,
1999ee00-83ed-43c2-882b-88994bf545c8,572,5,4,False,False,not handled,
ff634134-d7cd-4e08-9d6b-51017cc0473d,572,5,5,True,False,not handled,
8679a556-ea94-4e47-ad09-30b6b28cba48,572,6,1,True,False,not handled,
ad3f9151-256a-4d1d-926e-bd86d3768717,573,1,1,True,True,ok,
8090be38-5765-4369-9474-9eb48b4915f1,573,2,1,True,False,not handled,
49851398-c7eb-49c0-8d49-79420d49bd9e,573,3,1,True,True,ok,
e9ebaa75-dd32-4ca8-ab81-13a1f6cc114f,573,3,2,False,False,not handled,
1bb4b357-de5f-4472-addd-55a0a111aaba,573,3,3,False,False,not handled,
02170fad-268f-4468-9430-817f0dbfe1ef,573,3,4,False,False,not handled,
1521c1b3-71b9-4c61-95d4-59d4545a81af,573,3,5,False,False,not handled,
a38e7897-911a-4f5a-a744-74b97dccaf27,573,3,6,True,True,ok,
a1733ce0-0171-4383-8f2c-fc564b8713f6,573,3,7,True,True,ok,
915067ff-f268-4eb7-9d95-00a20d0925e3,573,3,8,False,False,not handled,
81440800-d014-4812-9391-66325a553eb7,573,3,9,False,False,not handled,
0cfbfd72-757a-42d2-84ba-65b1a0aaf4b4,573,3,10,False,False,not handled,
51878c79-9dae-4e23-9182-0772c5336259,573,3,11,True,True,ok,
4992f48f-21f0-4495-b718-60c8dafaa164,573,3,12,False,False,not handled,
d3da6b5f-e26d-455f-a188-122f86bc9cf7,573,3,13,True,True,ok,
96d6cc84-5809-42f2-b161-19c271d65e2e,573,4,1,True,False,not handled,
0978d4cb-da15-4275-bb4c-a64ea38dabfc,573,4,2,False,False,not handled,
94853f4d-43cc-4abd-a37a-5f73e5c330f1,573,4,3,True,True,ok,
bf4c8a4a-1638-423f-a6d6-889a3d742b89,573,4,4,False,False,not handled,
96682633-6a26-446b-8750-d03a99bf12d5,573,4,5,True,False,not handled,
eee2c2a1-94ec-4234-8176-9d2ad7104011,573,5,1,True,True,ok,
752c19ec-c64f-42e1-b4da-c30444ed48d2,574,1,1,True,True,ok,
7487b606-e38d-4e32-9caa-fe56e9c66863,574,2,1,True,False,not handled,
de90cc8a-7fc5-45e5-abac-0274c75f8f48,574,3,1,True,True,ok,
4cf5f60f-4302-49b8-b5c0-c55b84180c8b,574,3,2,False,False,not handled,
978422a2-bea6-4822-89a3-701109f413e8,574,3,3,False,False,not handled,
61be08be-5957-41a1-9b77-4932c6aa48c1,574,3,4,False,False,not handled,
3a0021fa-7164-4d2e-a00f-e0ae5d34ae63,574,3,5,False,False,not handled,
b42b202f-c852-48e9-8989-b7d220f63677,574,3,6,True,True,ok,
1f96cf7b-a4f1-493a-9a6d-26f0d086420c,574,3,7,True,True,ok,
e8d59403-5130-4468-827c-7e5783ce5cec,574,3,8,False,False,not handled,
166df646-3201-4d58-8bbf-21f0d71c166c,574,3,9,False,False,not handled,
3161bb94-5a8a-4346-bcb2-bc47430fab68,574,3,10,False,False,not handled,
bd643aeb-c3c9-4eab-bb6c-4e3c77fa3326,574,3,11,True,True,ok,
c5e496db-53b9-470f-a4c1-7a35eef581b8,574,3,12,False,False,not handled,
2c3eee8a-055f-47f8-b9bf-793a0d49e1ed,574,3,13,True,True,ok,
6f3df03b-e25e-431a-8eba-90665b55fb05,574,4,1,True,False,not handled,
ba253b21-8de3-41c1-a99e-1e26001ec7e7,574,4,2,False,False,not handled,
e1d12e39-3916-47b3-993d-98ab1e4af87c,574,4,3,True,True,ok,
8a342116-acf3-4a60-8ffc-81cf956766f0,574,4,4,False,False,not handled,
955ed879-9761-4286-8889-b74396a01361,574,4,5,True,False,not handled,
02af3594-910b-4651-8050-49eaf8696364,574,5,1,True,False,not handled,
39d89c35-ba81-4775-b418-837178e3e5f3,576,1,1,True,True,ok,
af2a9fa8-24a8-438e-b403-0032c6d1965a,576,2,1,True,True,ok,
8efe12de-1505-472b-8711-d932e9b44569,576,2,2,True,True,ok,
afb259bf-1738-472d-976d-07515289e75a,576,2,3,False,False,not handled,
e00c1b8c-2de1-4b5a-8106-ae3fb2f1adc7,576,2,4,True,True,ok,
de26ca20-50a9-41e5-ba19-f0a7c76f5ffc,576,2,5,True,True,ok,
9483be1c-9ecf-4357-af7d-9685c881d044,576,2,6,True,True,ok,
5521254a-0954-4de6-870d-4615dd8af98e,576,3,1,True,False,not handled,
ffbd9e42-bd76-4252-be3f-26baee389d39,576,3,2,True,True,ok,
fffc107c-1953-4d1c-8236-6a190885e8a6,576,3,3,False,False,not handled,
2af010f2-d8af-4e75-9c3e-04cdad7fe0d6,576,3,4,True,False,not handled,
213690e6-cc5d-4098-9e5e-4fb69e13e8ff,576,4,1,True,False,not handled,
1cea940d-7f2b-43ca-852e-8f3cdfd4a32d,581,1,1,True,True,ok,
2fdd314c-29e5-4279-84ae-4dbfc873471f,581,2,1,True,True,ok,
7141a0d9-88da-481d-8e78-852b8445c240,581,2,2,True,True,ok,
d94f4f63-f452-4b88-9a4d-92cb725c2a20,581,2,3,False,False,not handled,
147e7a55-14cc-420b-94e7-20db0db9bb17,581,2,4,True,True,ok,
b6b64547-0b00-4d14-9b69-e426f99d77c7,581,2,5,True,True,ok,
0874d19e-be68-44f4-8113-b195d20023aa,581,2,6,True,True,ok,
4b1f2895-b04b-4399-9641-d65967d26ed6,581,3,1,True,False,not handled,
a2467212-38fe-4e30-b508-1fd61ffe7a64,581,3,2,True,True,ok,
b60c1e98-c999-437a-bc28-1639c82efa59,581,3,3,True,True,ok,
8c135df5-6170-46dd-aaef-2d7130804aec,581,4,1,True,False,not handled,
f572acd5-8cd5-469b-8455-044df05f5a81,584,1,1,True,True,ok,
36d6f7ef-8f52-4450-b781-8596e3da0716,584,2,1,True,True,ok,
98a631f9-96b8-4a5f-8437-bd93136eebcd,584,2,2,True,True,ok,
174de856-14ec-45be-a308-c00e6904e324,584,2,3,True,True,ok,
32e0d33f-ac37-41e2-81d5-66ab3e7de430,584,2,4,True,True,ok,
7e284f01-dfbd-4cc6-bb1f-d4938b45fb46,584,2,5,True,True,ok,
e7389461-f153-4ab6-bd98-1770584a8b6e,584,3,1,True,False,not handled,
f117ecd5-f8c4-4ac8-9d2d-306eed3c9a82,584,3,2,True,True,ok,
6195068e-8a38-4f25-a5cf-39eca436672f,584,3,3,True,True,ok,
1fa7300f-f7ba-4c7f-8f31-ced916979818,584,4,1,True,False,not handled,
00591de1-1abd-4d77-a7b9-09d9c6b0e798,587,1,1,True,True,ok,
e1a168d2-be27-4ab2-a3a2-ad6049dd05e8,587,2,1,True,True,ok,
1da8ed5d-9d7d-4ff1-83c2-4b24129c09d3,587,2,2,True,True,ok,
718d2b8d-c6fb-4b01-92d4-ec2a08368c29,587,2,3,True,True,ok,
be303e29-ca3a-4683-80d9-cc0e3524e33f,587,2,4,True,True,ok,
be31287a-dc8a-458d-942f-b12ffe36b97b,587,2,5,True,True,ok,
3b1096b4-c366-4f92-ad78-ae3aadf202f0,587,3,1,True,True,ok,
ea3cbf21-c72f-460d-a19a-92bc60659fa6,587,4,1,True,False,not handled,
35c4e8e9-e8e8-46f4-9a8b-fa9901481f59,587,4,2,True,True,ok,
b348b4db-e113-443d-94c8-9c5a604d09a9,587,4,3,True,True,ok,
20136492-f2bc-40fd-b788-80bfbce60901,587,5,1,True,True,ok,
632d4cd3-bf8f-4a8d-948d-4abecec7a0ee,606,1,1,True,True,ok,
8c65d9e6-4b71-4293-afd5-a5585f9f5147,606,2,1,True,True,ok,
00376242-1f9e-4cbb-853a-5d1fbd8e24a1,606,3,1,True,True,ok,
cc25828d-c315-4226-a725-886bdc5df4a8,606,3,2,True,True,ok,
b978a6d2-1843-4379-bd7d-e2fbc5db6c70,606,3,3,True,True,ok,
e8028029-8627-4ed7-8e67-fdbd9fcbb04c,606,3,4,True,True,ok,
3ecea22c-3811-4be5-962b-bc43cb52e79a,606,3,5,True,True,ok,
09da96fa-7f25-4f9a-8e48-c442b3d8aaf5,606,4,1,True,False,not handled,
cb442b08-7ca7-471b-97e9-600318d3b3d4,606,4,2,True,True,ok,
e81ac75f-75b2-4a13-95ad-e8b0a1beb2db,606,4,3,True,True,ok,
44bb3395-11f0-4e17-8f87-cf7b523ad254,606,5,1,True,True,ok,
39d4cd39-4a8f-4e43-9fa3-3b586d895d62,608,1,1,True,True,ok,
3d35ea39-3c8d-45e7-a8b4-1e37d850347f,608,2,1,True,True,ok,
59d70595-61e2-46e7-ad51-52037d253f7c,608,2,2,True,True,ok,
bd5703f0-972f-4d2d-ac0b-5745f9cafc62,608,2,3,False,False,not handled,
4ef9f17d-93bb-45d2-8a59-20135540caf9,608,2,4,True,True,ok,
2ac98b88-fdfe-458f-99d7-94defa6ba09f,608,2,5,True,True,ok,
0c9c4fdd-4ca4-4343-8485-3b254d2bef93,608,2,6,True,True,ok,
1731f048-ca5c-41df-a856-0ba2a7a1c617,608,3,1,True,False,not handled,
c4f5496d-ece5-4b5f-8ac4-aa842b98e142,608,3,2,True,True,ok,
6157b535-4bc4-4cf5-94df-1a3320650db9,608,3,3,False,False,not handled,
0cd656e1-f541-4251-8b1e-f1eaeaa62420,608,3,4,True,False,not handled,
23f5e8d2-0733-4d1c-83d4-8dbb9b28fc82,608,4,1,True,True,ok,
e0b14f4a-376f-4638-99d0-3c18a87adfb9,616,1,1,True,True,ok,
8b7d58a2-a96c-4bb7-aaa6-4d5acbf1c4a6,616,2,1,True,True,ok,
5b2b3f28-5125-40fa-9497-8321440f72e7,616,2,2,True,True,ok,
b242bb6a-1ad7-4754-975c-3d19c530303f,616,2,3,True,True,ok,
228c23c0-7295-486f-b04b-2d0ff723adfd,616,2,4,True,True,ok,
1dadeebd-6f0b-4e4a-abb3-8dedf656effd,616,2,5,True,True,ok,
a25fb3c9-3d61-45fb-96de-0ebed1b6a235,616,3,1,True,False,not handled,
b513d7d1-ddd5-43ef-a4a4-9429930ded3b,616,3,2,True,True,ok,
221710d4-412a-4ac5-86a3-89291d665d2a,616,3,3,False,False,not handled,
f9b60661-ea3f-451c-a36d-4da898330a62,616,3,4,True,False,not handled,
983d3516-10df-44d6-a830-e9d667304374,616,4,1,True,True,ok,
ebae7801-2817-4663-b805-4b58baa37e75,623,1,1,True,True,ok,
8e5237d1-b93c-480c-b508-bdc41d93e2e2,623,2,1,True,True,ok,
a9ed595b-dc30-405e-ac62-bf0c43d7cdc8,623,3,1,True,True,ok,
0f4e96e5-34ae-4bd6-b8f9-d6b4c826b9ec,623,3,2,True,True,ok,
8da7a62d-b0c8-43bf-bd69-2156d28f22d1,623,3,3,True,True,ok,
0688c145-47f2-4e95-b8a9-5710b0d54ccf,623,3,4,True,True,ok,
aecd415e-6db4-4183-887e-f3a969227d82,623,3,5,True,True,ok,
d4febcaa-97a3-4d05-b151-28e198c72de9,623,4,1,True,False,not handled,
0436817b-4ad7-4cf7-af3c-9dce6e9a2713,623,4,2,True,True,ok,
781ea089-4463-4e33-9f33-5b61ff216990,623,4,3,False,False,not handled,
0e27d0cc-4273-498a-afb0-ef25ccd71ca0,623,4,4,True,False,not handled,
d589b661-e1c1-432c-94e2-33684ccfd4d0,623,5,1,True,False,not handled,
120e9768-bcf0-4354-b594-652b3e34bc5d,625,1,1,True,True,ok,
892230d8-d2e8-480b-9c97-f084c9aade13,625,2,1,True,True,ok,
75426890-334c-473e-8e46-d192d8a40950,625,3,1,True,True,ok,
e2122152-76a3-42e2-85bd-4015b2cb6eb1,625,3,2,True,True,ok,
462d3c65-c53a-4c45-b8dc-6b5044c8cb10,625,3,3,True,True,ok,
b181cbb0-7fbb-45b6-ac51-d8f32b8fb820,625,3,4,True,True,ok,
bdc1c997-f982-4b8a-999b-bf0675ad2f86,625,3,5,True,True,ok,
ea20cb63-fdfa-4202-a324-a891ac50988d,625,4,1,True,True,ok,
6064e3b3-3edc-44f1-b3c4-77b5c5457a28,625,5,1,True,False,not handled,
1f245eb1-6d75-4f94-9a2e-95cc5b54229c,625,5,2,True,True,ok,
497d66ca-8054-40b5-bd4a-e7717fe40cd2,625,5,3,False,False,not handled,
f27c5996-446f-425f-ac0e-b74b1dc31129,625,5,4,True,False,not handled,
2efafcf0-0d33-4d30-b602-09ed48e304ad,625,6,1,True,True,ok,
bbb12d4e-bf11-40d6-a42b-e988f0cbca97,628,1,1,True,True,ok,
453bd210-dad1-43a9-a15f-1fd717f78bfd,628,2,1,True,True,ok,
0de9baf2-b545-4dcd-9050-2d1cb341992c,628,3,1,True,True,ok,
f2845765-c548-4020-82bf-0ecb1a2b9171,628,3,2,True,True,ok,
61eb5d46-8344-41db-9add-2fca2cfb8425,628,3,3,True,True,ok,
67be9706-8e87-427e-9fe7-504c06d54024,628,3,4,True,True,ok,
a7c7aa15-d085-4136-b01b-91856394810d,628,3,5,True,True,ok,
94de876e-4ad2-43ad-9ff0-a9fe8d92bae2,628,4,1,True,True,duplicated news headline,
24801ac6-2f85-4945-8a5c-d1c6cf2286c8,628,5,1,True,False,not handled,
722ee26b-032f-4e19-b3fa-d13f76782f72,628,5,2,True,True,ok,
2e5bed32-7d0c-4021-827a-a54d942d120e,628,5,3,False,False,not handled,
7e5678bc-8cdf-4ce0-a46c-24a3fe46a063,628,5,4,True,False,not handled,
a0e11e69-a917-4054-ad53-06888e55408f,628,6,1,True,True,ok,
10aefa08-ce06-4d56-af92-df5e98d73cec,629,1,1,True,True,ok,
ba671e2c-806a-4c47-9200-ed07088a88c4,629,2,1,True,True,ok,
95c3522e-70fc-4477-835f-f6dacd1e0b23,629,2,2,True,True,ok,
9c6abd7f-811a-4620-9257-16f02f02377d,629,2,3,True,True,ok,
89d6a118-49ad-489d-9fb0-a2c3a39153ef,629,2,4,True,True,ok,
131ac503-bdde-441d-aaeb-839de817588f,629,2,5,True,True,ok,
87364faf-965d-41b0-9cd6-8af30cc37fc8,629,3,1,True,True,ok,
55e07ebd-0dc1-43c0-833b-4cb0aed45767,629,4,1,True,False,not handled,
a4e96840-969b-423b-af8d-247307adfc4b,629,4,2,True,True,ok,
3447c388-c258-4980-b29b-e52e8ca926c9,629,4,3,False,False,not handled,
5a214d63-b578-4d5c-b26d-6f468a52581a,629,4,4,True,False,not handled,
01005596-b95e-4c4e-b8e7-fcae808400c6,629,5,1,True,True,ok,
dd968d59-e008-4a76-8644-5c5f4d4be447,632,1,1,True,True,ok,
7cb9bce9-9de2-4d12-a48a-4a331f8a7494,632,2,1,True,True,ok,
4d63f8df-0659-42b8-aed2-dfa0a8acb9f0,632,3,1,True,True,ok,
a566409b-f972-4fd6-9086-5e1bab8ee339,632,3,2,True,True,ok,
2887eaeb-209a-4151-a05a-3c7a6572cba3,632,3,3,True,True,ok,
ae8e0c4b-b40c-44c3-a577-f065e66540b8,632,3,4,True,True,ok,
b1437a7a-c796-4c25-a6d5-73f27b69fd73,632,3,5,True,True,ok,
a34a7c40-3104-4fce-bdb3-2faf18b4129d,632,4,1,True,False,not handled,
21ac8ffd-38af-471f-af1e-1e87d7fbfff4,632,4,2,True,True,ok,
355df22b-37bf-4fb4-a2ae-c6dbeea08343,632,4,3,False,False,not handled,
f8de48c1-c394-4bc2-a3fa-111f7e5bfe8c,632,4,4,True,False,not handled,
4a1763dd-8a9f-4e30-96ca-113e26b87503,632,5,1,True,True,ok,
858739a2-f532-410a-a9d8-d01bf35cc4f3,634,1,1,True,True,ok,
9823d715-0a00-4a15-81bd-ae0a4165267e,634,2,1,True,True,ok,
f007d93d-02a7-44f4-aaeb-bfbe5ecbebc5,634,2,2,True,True,ok,
b1b0a3d5-6c0a-4b6d-8223-e7562c3cbf2d,634,2,3,True,True,ok,
323d447d-b313-4bcd-bae9-24373d058850,634,2,4,True,True,ok,
8e881d31-80f7-433a-8dd2-0f21ada0fc95,634,2,5,True,True,ok,
467c8329-d8ed-4112-839f-28a7f0732925,634,3,1,True,True,ok,
db56d051-2999-427b-9571-ee80b3017332,634,4,1,True,True,ok,
6d488227-a3d7-462b-9ef1-93950cc32d3c,634,4,2,True,True,ok,
7a75ccb6-2328-45f5-b1bf-3f06351c2a9c,634,4,3,False,False,not handled,
594b6568-6234-4ecb-b9e1-531d7fce6833,634,4,4,True,True,ok,
c1bbaace-15b1-434a-a127-c3804ab84958,634,5,1,True,True,ok,
bfe807f3-b46a-4bf5-a871-c55373333566,638,1,1,True,True,ok,
a0137768-74a9-4f03-8c03-6076a81a3a41,638,2,1,True,True,ok,
6d68a362-59a5-4c02-a559-d459b5647f38,638,2,2,True,True,ok,
251611cc-e570-4c16-8d07-abc5f50c1a24,638,2,3,True,True,ok,
4d51a0d1-b9bb-4bf6-85db-83540d137556,638,2,4,True,False,not handled,
5fe43a8a-ab14-43a9-82fc-2e566cadf390,638,2,5,True,True,ok,
71eecbdd-fdbf-46cd-b7db-5b7e37fdf0cb,638,3,1,True,True,ok,
3ceca1c2-4687-4eea-ab34-b619ae73e412,638,4,1,True,True,ok,
f0ac3424-fbc9-4cb9-972e-9448489f426a,638,4,2,True,True,ok,
e2118ba7-489d-4394-b77e-a48b9818ba84,638,4,3,False,False,not handled,
6480f167-421c-4a8d-8c45-9b44fd3aec9a,638,4,4,True,True,ok,
6f8a3e55-31d1-472c-be0f-4334d16a5ed3,638,5,1,True,True,ok,
c4b31dfd-271e-4724-a572-034af013bdbc,643,1,1,True,True,ok,
574489af-302d-4496-9a68-2bc999734929,643,2,1,True,True,ok,
e7918da8-6730-4fc0-98e4-fa694bb669b6,643,3,1,True,True,ok,
13dd4317-2a56-47b8-84f2-804fe8c2432f,643,3,2,True,True,ok,
fd764a19-794b-4011-805e-5b1fc9f79bcb,643,3,3,True,True,ok,
564897cf-329f-420d-bbcb-abe53fb5da00,643,3,4,True,False,not handled,
df0b4c62-5cef-4c8d-8943-79f7578f0676,643,3,5,True,True,ok,
8366bad7-38c4-42b1-8c62-c5fc671ee553,643,4,1,True,True,ok,
bd0351ec-bfb8-47b8-bf5a-305c916b652f,643,4,2,True,True,ok,
57ab2ae2-92db-4648-adae-5ae21fd67b72,643,4,3,False,False,not handled,
e3840a81-9d2c-4596-bbaf-6db79cfc0f0c,643,4,4,True,True,ok,
bb0ad5f9-7a9b-44e0-a764-9145e981d0d7,643,5,1,True,True,ok,
d542bc71-6aa5-4aed-aadf-35bb6a4e601c,647,1,1,True,True,ok,
48af9ea7-a45a-45ae-840c-4592b3a772ea,647,2,1,True,True,ok,
d3561f45-e52c-4c4f-8402-06e42a21b7ec,647,3,1,True,True,ok,
bc2ceefa-0d59-440f-a8a4-fa1f9d172293,647,3,2,True,True,ok,
e8ddde7c-d704-4728-b53e-f80eea120da9,647,3,3,True,True,ok,
4b54f964-153e-4ad0-b38c-aad7b4a9c117,647,3,4,True,False,not handled,
4599a76d-3577-4eb3-b61f-f04e16ba8e15,647,3,5,True,True,ok,
45041625-0970-4779-8b86-3db9aae90c2d,647,4,1,True,True,ok,
0c3435b7-9983-43bf-ad68-1692e1b1edae,647,4,2,True,True,ok,
031fae7b-4900-409a-b8b2-818669186efb,647,4,3,False,False,not handled,
4d86a695-78a2-463f-ae89-44d7fc658447,647,4,4,True,True,ok,
5e9d6f49-3a64-415a-9197-54f993f4f56f,647,5,1,True,True,ok,
ec441a7c-0143-4363-8092-7559f4d096cc,653,1,1,True,True,ok,
f5809ae7-ca72-4229-9433-194af76bd66e,653,2,1,True,True,ok,
9600889c-abae-4a82-ab7a-0a2ca5439a6e,653,3,1,True,True,ok,
689359bc-8c8a-4878-8827-42f900f4863b,653,3,2,True,True,ok,
56693531-1983-404d-8681-c1fa39887e87,653,3,3,True,True,ok,
fa60c0cc-4ac7-4e7d-ab38-1566de2f8d08,653,3,4,True,False,not handled,
d428cc73-ae8f-42d8-bb7c-8e9970668230,653,3,5,True,True,ok,
dca25ef4-e56c-4d67-9a92-0127e0e58dde,653,4,1,True,True,ok,
50da5c77-78df-470c-82cd-c754fbc19c1b,653,4,2,True,True,ok,
1241c7df-c310-4559-8f0c-b54d235987c8,653,4,3,False,False,not handled,
952eb41c-375b-4404-9dc5-f8bc4c6b09ac,653,4,4,True,True,ok,
f8931a8b-68ea-43bd-9e5f-ddf58b832af2,653,5,1,True,True,ok,
39bc6bec-aadf-4c77-a8a8-e988ab9d5654,656,1,1,True,True,ok,
1805c0a6-1a55-4cb8-90e0-23716151e9e2,656,2,1,True,True,ok,
773c2349-3774-46d5-ac24-0499551b2520,656,2,2,True,True,ok,
e99b33b1-719a-4b0d-87fb-1ccca031d237,656,2,3,True,True,ok,
cfebf220-470b-4c88-b47a-03b402a4d2af,656,2,4,True,False,not handled,
ab3095e8-a44e-4eaf-8d55-1dab0da1ee74,656,2,5,True,True,ok,
bacd4ef1-1d7c-4723-a154-41f1411dda69,656,3,1,True,True,ok,
58d00e5b-4689-4c8a-a3d0-ffd67989545e,656,3,2,True,True,ok,
b20950a8-c6c5-4aed-a681-8d829a9d5db1,656,3,3,False,False,not handled,
c1d6f32e-d4d9-47b3-9744-ebecfa4e3b79,656,3,4,True,True,ok,
238d2eb0-0052-47f3-811a-b5d2e627389e,656,4,1,True,True,ok,
60650ff7-8248-46c7-b262-335c7e5b8e8d,669,1,1,True,True,ok,
8da29cf3-2643-46e7-907d-88206f08fb18,669,2,1,True,True,ok,
70b145f4-2f10-4623-b275-cc0a708f1439,669,3,1,True,True,ok,
457d882a-7178-4807-9db1-f4d3dec5dd5f,669,3,2,True,True,ok,
4fc93e7e-af5b-47b8-a20b-9245df3fda82,669,3,3,True,True,ok,
97bffe60-9874-488b-8245-1cb92342ec9a,669,3,4,True,False,not handled,
1507df0e-2bb7-426c-98fb-6ec117e32865,669,3,5,True,True,ok,
ae28d4d0-5a61-45c4-be28-8136d93cb513,669,4,1,True,True,ok,
d84d58e1-7216-4d09-b8a0-9c9ffe744447,669,5,1,True,True,ok,
c7fa3887-a72d-47f0-a3a5-14c1d1951ee7,669,5,2,True,True,ok,
e202ef60-daf2-4e59-ad95-9fced713634c,669,5,3,False,False,not handled,
6a56833f-819f-4c19-898d-0911b06c083c,669,5,4,True,True,ok,
6b717432-33a6-410a-a24f-00e5db5655fd,669,6,1,True,True,ok,
d9a69b3b-0667-421c-802e-c598e2b1808a,672,1,1,True,True,ok,
b885d4e0-1a7b-4eaa-b0db-5c43f28edffe,672,2,1,True,True,ok,
1fcde051-020c-403d-92e9-a18d11221ad8,672,3,1,True,True,ok,
6ecdc8a4-8520-41a0-b140-18ccac3a44e5,672,3,2,True,True,ok,
ae88ac09-e2c9-4e60-95d7-072931747809,672,3,3,True,True,ok,
354e3bae-8ec8-4218-9440-f08ebca4be6e,672,3,4,True,False,not handled,
35cce4bb-9d38-49e7-a4b9-757410db99dd,672,3,5,True,True,ok,
7dea2ea5-6911-450d-b554-c81b1194e80a,672,4,1,True,True,ok,
1fcefba9-68de-4c9d-a1b4-c6d148f52d09,672,5,1,True,True,ok,
e446e83b-d030-4520-9ba6-5fa7a3e20ebe,672,5,2,True,True,ok,
7d251994-a356-4f4f-ac80-cd7da5472a9f,672,5,3,False,False,not handled,
7b7890f3-3881-4e63-8aac-b974fe53b598,672,5,4,True,True,ok,
0f98059b-4222-4dc8-92a9-98acc8942565,672,6,1,True,True,ok,
a3c212e7-2c5f-4925-9bb4-0c2b6f656b38,676,1,1,True,True,ok,
f5e89e61-f06a-4b5e-bf23-33f2be9ea6cd,676,2,1,True,True,ok,
f3a77516-fe9c-4143-95de-618072c3af6e,676,3,1,True,True,ok,
688bd07a-8edc-4479-8c76-dd234a724d77,676,3,2,True,True,ok,
67b2bd38-3cdf-4a5c-af80-c8bdd6a89213,676,3,3,True,True,ok,
358c3e9b-04df-4388-b777-896bd9a1d4aa,676,3,4,True,False,not handled,
0805a1a7-0d6b-4a54-a81b-4206cd9c747d,676,3,5,True,True,ok,
4295eab7-7bd3-4aba-b4d2-31d4972237dc,676,4,1,True,True,ok,
9bd4949d-02d2-4b86-9b4b-2474debdd7ed,676,5,1,True,True,ok,
ca33aafd-747c-405e-879f-a5301d176c94,676,5,2,True,True,ok,
781c76aa-a4e0-4495-a944-2491424e3a10,676,5,3,False,False,not handled,
d9e7c208-096d-44c8-b8d4-d6e99f3c8e34,676,5,4,True,True,ok,
e4733eff-cfa8-4620-83e7-febdb5756dea,676,6,1,True,False,not handled,
5d457244-2345-45c1-8dcf-49f0652e7831,679,1,1,True,True,ok,
7a41bdca-eb5e-4e61-bbfb-20a6fbedab99,679,2,1,True,True,ok,
6e1e97bb-9c07-4910-b3f3-a081326b0530,679,3,1,True,True,ok,
ad1aae6a-af73-4d7d-a837-01dd3a3a53b7,679,3,2,True,True,ok,
871c3aed-ee3d-4a95-92e4-0a855d96b1b9,679,3,3,True,True,ok,
0e6fcbc9-69a6-4fb1-9e4a-c8728a3b39e7,679,3,4,True,False,not handled,
86f7e64d-9ab0-4db5-b042-d6859d988190,679,3,5,True,True,ok,
0306bbb5-5fd9-41b2-89c6-764e08b73f6b,679,4,1,True,True,ok,
df5fb45b-a718-4636-a76e-b85efe0e506b,679,4,2,True,True,ok,
9a517d90-fc8f-4519-a65c-2f81bf3846ea,679,4,3,False,False,not handled,
e2d59d64-b7aa-479b-a1ea-a3277806d307,679,4,4,True,True,ok,
b02fdd76-7d40-4f47-8bdb-f4efecc4f480,679,5,1,True,True,ok,
7ea20d56-1a2a-4823-85a6-284e434672e6,687,1,1,True,True,ok,
cf23c73d-5ebe-42f0-8c62-79c0bfd9429e,687,2,1,True,True,ok,
2ba0ea36-db76-40ac-9829-151e3b98d6e1,687,2,2,True,True,ok,
955bc784-c85f-4b8b-9ad5-b9f03ab320c9,687,2,3,True,False,not handled,
ac97c039-6e22-4617-b8eb-81a0720e167d,687,2,4,True,False,not handled,
e901a753-286b-4ac6-b272-1f33fafe75ac,687,2,5,True,True,ok,
dda08530-82b3-4073-bae9-d8c4f9759bdf,687,3,1,True,True,ok,
bfcad0bd-76c9-4d6e-916b-c45b618337e3,687,4,1,True,True,ok,
24bbe0cf-331e-4460-a68b-347deab37852,687,4,2,True,True,ok,
2fd89634-2c04-448d-a3a6-14c4371d39eb,687,4,3,False,False,not handled,
6483a62b-f507-4bb6-bb5f-6713024571db,687,4,4,True,True,ok,
4c4c03cd-2943-43f2-b2c2-7c6cd01a7483,687,5,1,True,True,ok,
4279b107-a2fc-4112-bc9a-3f262f689819,688,1,1,True,True,ok,
a8982058-0805-4dfb-ac52-bbc254b11e5e,688,2,1,True,True,ok,
54c949e8-bba2-431b-87c2-39563bd0575f,688,3,1,True,True,ok,
d7ab3bc3-d4a8-4c40-abab-942e24580af1,688,3,2,True,True,ok,
8618fc90-b2fa-46db-a998-96228d00bda5,688,3,3,True,True,ok,
cf4b3e0a-9f12-4f21-8ecb-dcd7f1e46954,688,3,4,True,False,not handled,
6a9f9161-9c00-4a05-98a5-58fb55382855,688,3,5,True,True,ok,
f4130c6a-980b-4d73-8164-853253c6bf86,688,4,1,True,True,ok,
6d9ff123-64d1-429f-b4e2-b922b8cc3cbb,688,4,2,True,True,ok,
0f95b1ff-1b2f-4357-a686-a42bca79e1f1,688,4,3,False,False,not handled,
52da1362-b161-47ad-954d-a2c2c93c3667,688,4,4,True,True,ok,
b01cee3b-abcc-4aeb-939a-f4cff207ed0c,688,5,1,True,True,ok,
fadaaf07-7806-4aba-bab6-da4f8af4a85a,689,1,1,True,True,ok,
03de84b7-6eb5-4590-9058-d1e0f7656eda,689,2,1,True,True,ok,
e4398eb2-bf50-4c4d-9a34-2f4cf779ae76,689,3,1,True,True,ok,
7f5ad428-0917-4efa-b146-6805cbfacc35,689,3,2,True,True,ok,
3c1f72cb-e90c-4725-b18b-cb160fec99cd,689,3,3,True,True,ok,
57b48e01-477f-4c3c-a5a9-c0e63f0fc029,689,3,4,True,False,not handled,
3dc907c1-ae0a-4a3e-a691-444c935678be,689,3,5,True,True,ok,
40585a58-29cf-423d-832a-fd47c85d6b82,689,4,1,True,True,ok,
8a3d59f4-8afd-4ee1-b560-445fc9fc1fa7,689,4,2,True,True,ok,
e2429769-3b71-4441-97d3-2ed0ab282063,689,4,3,False,False,not handled,
1925c81b-e338-47e0-9022-a195333bf5e0,689,4,4,True,True,ok,
869e317e-f696-40a4-b8cb-c33c8f7bc104,689,5,1,True,False,not handled,
9e83cd20-171c-4006-a19b-3edd38a3687f,690,1,1,True,True,ok,
8e8c4807-e637-4e39-9642-c300b4382e22,690,2,1,True,True,ok,
b5c065a4-cb96-4e93-bd5e-c157dd4d7809,690,2,2,True,True,ok,
9e96fc59-8271-4e6f-b22c-5597180aa8c2,690,2,3,True,True,ok,
a929dc00-06db-44ed-8fb7-a98d719d0587,690,2,4,True,False,not handled,
d5e43037-4c62-44e2-959c-b01b02213013,690,2,5,True,True,ok,
3c79ad09-04f7-41e8-998a-8d0bad41c4af,690,3,1,True,True,ok,
59fa9577-a60c-482a-aaf5-3a9d6de08738,690,4,1,True,True,ok,
54cc45b7-df73-4055-9eac-22b0765b2f0a,690,4,2,True,True,ok,
015cbb8f-d267-4503-9b9f-f650e5685b57,690,4,3,False,False,not handled,
c413f787-e4a7-4a9e-b876-d9e11b5c14f2,690,4,4,True,True,ok,
27bcec94-162f-4dc6-9866-ef4cbb582e5f,690,5,1,True,False,not handled,
920426e1-c3ba-4665-b0e2-8686ea45a4e7,692,1,1,True,True,ok,
3fb764fd-7602-4259-80f0-9bbfccd7d151,692,2,1,True,True,ok,
702b0150-9d9f-4476-9a57-5c532f52d604,692,3,1,True,True,ok,
075b99a1-be96-4bb0-93f9-fcf606d22c69,692,3,2,True,True,ok,
a464d4fd-e190-4339-991a-c45e72e34786,692,3,3,True,True,ok,
6ac3f5f1-7a16-4d20-9238-ecea9bebe8fd,692,3,4,True,False,not handled,
bad88140-fa77-4024-a752-505189a094bf,692,3,5,True,True,ok,
81aef990-901e-4422-8e5b-a47372b659ee,692,4,1,True,True,ok,
75e0cf88-5c69-4e13-98d4-38f6aaab087b,692,4,2,True,True,ok,
697a69ff-8c64-40b6-987e-2ce2009f664b,692,4,3,False,False,not handled,
1ef67883-27c4-4133-8fe7-40385566e327,692,4,4,True,True,ok,
25314812-18a9-4189-8c40-42bf62554793,692,5,1,True,False,not handled,
62b27ec0-fc29-431e-bba5-dc728383ddf7,693,1,1,True,True,ok,
22f3dcbf-c103-490b-9d91-0849a366e7c0,693,2,1,True,True,ok,
4e258d17-dbb5-41aa-bfb5-fd4b70eb3ed2,693,3,1,True,True,ok,
a1c9875c-170d-457f-b9d6-e58ec856529b,693,3,2,True,True,ok,
c917403b-c8c7-42ef-8ed2-49e9075a9113,693,3,3,True,True,ok,
07bb490e-ca63-4962-9cba-c5028b28870b,693,3,4,True,False,not handled,
b6540c26-2a45-40a7-bea2-9eea172a04fb,693,3,5,True,True,ok,
8bc01b3e-8430-4738-9691-e38ed48baee8,693,4,1,True,True,ok,
c28a9436-4d57-41f5-800c-24293f46f7b0,693,4,2,True,True,ok,
64871742-f4a4-46b3-bbcf-d77b04c11a62,693,4,3,False,False,not handled,
f2a0a491-0a45-4937-81cf-80063ceaa136,693,4,4,True,True,ok,
50175433-97e6-47c6-9092-302ed64aebc9,693,5,1,True,True,ok,
747f11c2-cebd-4780-8915-8a33b9dc1497,694,1,1,True,True,ok,
66d32ad7-35cd-4bc9-952a-ef7f9ef82d2b,694,2,1,True,True,ok,
b7c8b44d-812b-4bb0-9562-8f561abc0df2,694,3,1,True,True,ok,
f0d367db-9340-41cf-8031-0500f18c05fd,694,3,2,True,True,ok,
8739d522-6d9e-4d16-9465-cd77937336d7,694,3,3,True,True,ok,
a58f1fa9-1a1c-4515-9851-5d351d0c1860,694,3,4,True,True,ok,
498015a9-8461-4076-a0ef-6fc042b97874,694,3,5,True,True,ok,
e6281a43-a4f4-4b9f-857f-705b3fb98e7c,694,4,1,True,True,ok,
72f6655e-f5c7-472e-90e5-7ee46f3563fa,694,4,2,True,True,ok,
800876b5-1a0d-4ee0-981a-b5186deee7ca,694,4,3,False,False,not handled,
d60edd81-e53d-436e-b387-480335e72db9,694,4,4,True,True,ok,
7721de79-d71a-4763-85f0-aad9b6fe2b85,694,5,1,True,True,ok,
1ce2a9a2-7c73-4447-8f96-d2c2a7faa62e,696,1,1,True,True,ok,
63f181f3-e92b-4aae-833e-8b876c0de96b,696,2,1,True,True,ok,
bfc76c25-9459-417a-beea-7b6f7792f423,696,2,2,True,True,ok,
ce4aa815-37e0-46dd-b9b1-de0180890d8a,696,2,3,True,True,ok,
99aa1f87-44d9-49f2-8726-6e5c45a3a386,696,2,4,True,True,ok,
312020db-f596-4460-83ee-14998616c597,696,2,5,True,True,ok,
b3e7620f-2999-4897-b89c-7e232abd5685,696,3,1,True,True,ok,
fd6d0097-894c-4234-96ee-4f202fab934d,696,4,1,True,True,ok,
e38e481e-1d95-48c3-8914-f70162667efa,696,4,2,True,True,ok,
2a2290e6-62c0-414a-9b32-270f38c156c7,696,4,3,False,False,not handled,
b1bb1571-2b71-4d81-9419-311b40a53268,696,4,4,True,True,ok,
a0a82d44-c3cf-4cc7-9085-504ff4d45f36,696,5,1,True,True,ok,
6f54f464-11cc-40b3-ae2e-cd44150a56f8,707,1,1,True,True,ok,
63cafa43-3133-42aa-874a-b3819c859328,707,2,1,True,True,ok,
e12f5871-717f-43c0-a3aa-ee4c77313591,707,3,1,True,True,ok,
046ce599-fd6d-48cb-a85a-8062192a83d9,707,3,2,True,True,ok,
e8d4f543-3853-4161-b0c0-affbc9ba39dc,707,3,3,True,True,ok,
05fdacf2-8f0e-486e-97cd-6f7c40f01fc1,707,3,4,True,True,ok,
4fb030b9-66f0-4037-9204-00127dd48c93,707,3,5,True,True,ok,
69630554-16a6-4fbd-abb5-d8c8ad22bbc0,707,4,1,True,True,ok,
dbf168fa-8046-497e-bf5a-8a6ebb9883ec,707,5,1,True,True,ok,
a9991e3a-7dba-47b0-99dc-e12c67bfc976,707,5,2,True,True,ok,
4224a976-66d4-4e14-8efd-5572c03af148,707,5,3,False,False,not handled,
5a52bc33-e140-477b-a818-123f0805b947,707,5,4,True,True,ok,
dec17c1b-9d73-4cc9-a237-c18155eac849,707,6,1,True,False,not handled,
ce8c5bf8-4a94-4769-bd5e-e391afe09cf7,723,1,1,True,True,ok,
ae4708f3-a5f3-43e6-b6c6-014142bee478,723,2,1,True,True,ok,
1bdc7a1d-ce10-4754-980d-5c76e13a6dac,723,2,2,True,True,ok,
3b605f09-b4b6-4ca2-9b9c-3f1d69acf542,723,2,3,True,True,ok,
f0189765-2cf2-43fb-8980-01a0be340ed5,723,2,4,True,True,ok,
7bf69091-c3d1-49de-a675-c7f2769c9cb0,723,2,5,True,True,ok,
07ebea95-3a32-4689-aea7-af4371bca33a,723,3,1,True,True,ok,
24216ec5-ee35-4dd6-a917-41460a6bd4c2,723,3,2,True,True,ok,
d2096e94-07c1-4da6-9b6d-426c6a9657a7,723,3,3,False,False,not handled,
5f600336-5803-498a-adf9-b3ac2402794b,723,3,4,True,True,ok,
4b63d80f-0b32-425c-98db-48923490a26a,723,4,1,True,True,ok,
81a7ba1c-5d3c-453f-9277-e2149a3fe7f1,726,1,1,True,True,ok,
c84ec725-7514-4e6a-87eb-efe760216de2,726,2,1,True,True,ok,
03526b13-ea71-4765-b1be-c78c4c221b5e,726,3,1,True,True,ok,
bdde7067-ca50-4e7e-8661-7de2234b1dc1,726,3,2,True,True,ok,
3042536e-208c-4ed3-84c7-136208744278,726,3,3,True,True,ok,
33350315-32e1-4840-bc1d-4e5ef9b97209,726,3,4,True,True,ok,
cd73ce05-b8ba-4f80-853e-b51973c3d836,726,3,5,True,True,ok,
bacf359e-f3fb-4cdc-84ae-532baab34229,726,4,1,True,True,ok,
bc991a80-cde3-4a16-babd-6215b5d78c9e,726,4,2,True,True,ok,
e21768bc-90af-4923-b688-4db8592e520b,726,4,3,False,False,not handled,
a8943a88-e84f-4008-b9fa-b1a94e184850,726,4,4,True,True,ok,
d285199b-f3b2-4642-b820-3133d3f25ae1,726,5,1,True,True,ok,
c10ad081-c215-4022-9198-e74370427682,730,1,1,True,True,ok,
527d4236-bf18-4184-adde-3e0fd12e1ae8,730,2,1,True,True,ok,
de81543d-785e-4839-8c94-335b6ac2aa87,730,3,1,True,True,ok,
2c3d87c4-3cff-400f-b2e1-f7c607f35e8b,730,3,2,True,True,ok,
87e5a0ca-8e02-47cc-ba4e-349b0f76c691,730,3,3,True,True,ok,
28db66ec-01f1-4979-8c9f-65bfed23b1ef,730,3,4,True,True,ok,
ae7e57b8-827a-4271-9545-48b97a20cd4f,730,3,5,True,True,ok,
c54d1f69-1f09-4c5a-ab9f-d2fc229663ee,730,4,1,True,True,ok,
d4e36aab-cd41-4957-ba08-1b103b199a3a,730,4,2,True,True,ok,
64a37554-e03c-4bf7-a7d7-36db6008be73,730,4,3,False,False,not handled,
0d35878e-73b9-42de-8b28-b902f758d3f1,730,4,4,True,True,ok,
7b6a1702-9e9d-4935-82c4-b1dcacf129b6,730,5,1,True,True,ok,
705986ce-0db7-41f3-99f8-47f5823024d2,735,1,1,True,True,ok,
51a4d75f-2ed9-4005-a29b-4bf7ce7a328f,735,2,1,True,True,ok,
2d7ea4b9-e218-4037-877f-124263e96e81,735,3,1,True,True,ok,
d54c6a1f-a058-4ce6-a7a3-faef9539f7b5,735,3,2,True,True,ok,
c3be2c13-5703-40cf-87b1-abb4a91c4dfa,735,3,3,True,True,ok,
f245ff84-b6a6-457b-b7c9-0706347749ca,735,3,4,True,True,ok,
ef97c358-1a7a-450a-a48d-bc6d93dfc342,735,3,5,True,True,ok,
5a3a6b15-e4b6-490d-ac9e-63d2dec10ed1,735,4,1,True,True,ok,
c82b2078-cd58-478a-a0db-7eb10e176af9,735,4,2,True,True,ok,
f139edcc-1ba5-44cf-8ea9-afa418ee056b,735,4,3,False,False,not handled,
022e63a7-7cbd-4232-a78b-59a2e863c6e1,735,4,4,True,True,ok,
495d27b1-fcc7-4ba3-a8f9-3c716c3d1fd9,735,5,1,True,True,ok,
6db73865-a438-44d5-a9f6-0c2999ab7b9b,740,1,1,True,True,ok,
fb107a40-0f6d-4d2f-aa9f-0fffc7a027ae,740,2,1,True,True,ok,
67a119c4-750e-48a7-8792-cc6ffcdd2cb8,740,2,2,True,True,ok,
dd22a536-2b6b-489d-914c-40def210f6a4,740,2,3,True,True,ok,
be64d335-82cc-4ad6-bb01-d79d539cdba1,740,2,4,True,True,ok,
137d5341-bc3e-443a-844b-4721c8d4a8e6,740,2,5,True,True,ok,
25f7399b-d1c2-4ff0-89ae-2242ce86d647,740,3,1,True,True,ok,
1998de22-31fc-4ac1-943b-1cb455496f90,740,3,2,True,True,ok,
948e0ee0-d087-452e-ac61-2611de1748b6,740,3,3,False,False,not handled,
726fdb21-5804-4f1e-9e60-5025eb9662f4,740,3,4,True,True,ok,
39707d57-b022-4399-a269-7355bae9bc7e,740,4,1,True,False,not handled,
5657bb9c-a4e4-4d7d-9731-125f627d361d,746,1,1,True,True,ok,
e5e1ac00-5e47-4bf8-8132-5dc64c3cf178,746,2,1,True,True,ok,
b076bab0-8196-4521-a1a4-4a9d74fe5ce8,746,3,1,True,True,ok,
7f2499ac-1511-4b35-89f5-c41cf1d8754c,746,3,2,True,True,ok,
bb6f59b8-42ca-4649-9f4b-620d27b8f27e,746,3,3,True,True,ok,
9a62ae0e-c795-44eb-9754-1bdea2d53a7d,746,3,4,True,True,ok,
51c4a0ff-048e-4ebe-8d98-f7cf86e2ec6a,746,3,5,True,True,ok,
08f5ac00-4aed-4905-964f-b0fb70b6ec48,746,4,1,True,True,ok,
2cea71d4-89c3-4690-b1af-e6a9fbbd9d5a,746,5,1,True,True,ok,
2a53f4d3-8544-494f-b098-2ade803fd53e,746,5,2,True,True,ok,
a185e670-beb8-4ddc-ad09-ed325f24f3ff,746,5,3,False,False,not handled,
4bf0b0a1-bc16-48b7-b3f2-4b3fca7ec303,746,5,4,True,True,ok,
d752e4e2-3e11-4abb-adbf-1c056d81041d,746,6,1,True,True,ok,
fa1dba9d-a0a3-4101-93ca-3e6360ff3606,747,1,1,True,True,ok,
ed2e772e-f8de-4616-8a12-0c01bc070a7c,747,2,1,True,True,ok,
51dcd55f-323d-421b-856a-70e457f88f6a,747,3,1,True,True,ok,
c53f8b3f-f5ae-40c5-9843-9f7169aad4af,747,3,2,True,True,ok,
bdfa0414-5189-47f5-b0c6-c4edb4a6ab29,747,3,3,True,True,ok,
800835a4-0ae0-4010-ad11-660bb80bb2f7,747,3,4,True,True,ok,
da38c8fc-7355-49ce-8ed4-d6b5a76e05de,747,3,5,True,True,ok,
b1f85bd2-e410-4f2c-b544-3b37c5dd6329,747,4,1,True,True,ok,
49fcf42b-f939-46fe-b1b8-958ee21ba4a0,747,4,2,True,True,ok,
75154379-f575-49df-ae4b-dcad90048dfc,747,4,3,False,False,not handled,
c37aea98-01b2-4c87-b641-2cd0de8e5ead,747,4,4,True,True,ok,
e390b68b-b8b2-4f2b-ada3-7c8e681d7108,747,5,1,True,True,ok,
1ba8a30b-0ee1-4556-ab99-31b482eaf136,756,1,1,True,True,ok,
b6658010-294f-4adc-ab32-07109bfc53ad,756,2,1,True,True,ok,
6ad649d8-08cd-4e9b-95de-774880b1a555,756,2,2,True,True,ok,
ea865f14-93a0-40ec-9eb1-f24768399f6e,756,2,3,True,True,ok,
8c86c1c5-8d23-4617-9439-9482c6028e1e,756,2,4,True,True,ok,
5c748edc-e7d0-4737-8b56-2774dc31edc1,756,2,5,True,True,ok,
4bae6794-910c-4034-8040-87f9e948841e,756,3,1,True,True,ok,
f3937a05-0e12-4a67-a56f-b2bd6a2aedcb,756,4,1,True,True,ok,
a2276ff0-fb2a-4ece-9be1-c3e6a0fdca70,756,4,2,True,True,ok,
73473c46-cfbc-4227-b36e-52530c77fd93,756,4,3,False,False,not handled,
9b946f78-9041-4879-9457-2bd4d03d270d,756,4,4,True,True,ok,
37cc5401-3b0a-45d1-9961-552f96b88dfc,756,5,1,True,False,not handled,
cf183e13-bc9b-4f3e-afc3-e4d4a5e7ba2d,758,1,1,True,True,ok,
c79bc45a-84a1-47c6-8ac2-291c4090ec58,758,2,1,True,True,ok,
dd293be1-d540-4760-9ac4-203fd82ec93c,758,2,2,True,True,ok,
27c225f3-b5aa-48bc-8bbb-0aa081d7e407,758,2,3,True,True,ok,
5cb147b6-88ab-4975-a111-75a505e408c1,758,2,4,True,True,ok,
134e1b3f-80b2-4f67-9a81-f0cacf098dd2,758,2,5,True,True,ok,
104b4e20-9cdf-4620-bd02-2623c43ed8df,758,3,1,True,True,ok,
51510bb5-e75d-43e4-91f3-b383cc97b5fb,758,3,2,True,True,ok,
34ee33d3-6faa-4a4c-906d-3b735cbd6110,758,3,3,False,False,not handled,
0f1c225a-ab00-4659-916f-cf13c350266d,758,3,4,True,True,ok,
7ff41dfb-5d4d-4948-820b-7463d3f330f3,758,4,1,True,True,ok,
