uid,topic,n_news,status,comment
499,Top News,1,ok,
499,Lambda,1,ok,
499,Trending Signals,5,ok,
499,Fiddler,1,ok,
499,Python Tip,1,ok,
499,Top Lecture,1,ok,
500,Top News,1,ok,
500,SambaNova,1,ok,
500,Trending Signals,5,ok,
500,DataCrunch,1,ok,
500,Deep Dive,3,ok,
501,Top News,1,ok,
501,Assembly AI,1,ok,
501,Trending Signals,5,ok,
501,Python Tip,3,ok,
507,Top News,1,ok,
507,Hume,1,ok,
507,Trending Signals,5,ok,
507,AskUI,1,ok,
507,Top Lecture,3,ok,
509,Top News,1,ok,
509,Encord,1,ok,
509,Trending Signals,5,ok,
509,Assembly AI,1,ok,
509,Pytorch Tip,3,ok,
510,Top News,1,ok,
510,Dynamiq,1,ok,
510,Trending Signals,5,ok,
510,Deep Dive,3,ok,
517,Top News,1,ok,
517,Emcie,1,ok,
517,Trending Signals,5,ok,
517,Top Lecture,3,ok,
519,Top News,1,ok,
519,Lambda,1,ok,
519,Trending Signals,5,ok,
519,Deep Dive,3,ok,
522,Top News,1,ok,
522,Lambda,1,ok,
522,Trending Signals,5,ok,
522,How To,3,ok,
525,Top News,1,ok,
525,Trending Signals,5,ok,
525,Python Tip,3,ok,
530,Top News,1,ok,
530,Speechmatics,1,ok,
530,Trending Signals,5,ok,
530,How To,3,ok,
532,Top News,1,ok,
532,AskUI,1,ok,
532,Trending Signals,5,ok,
532,Top Lecture,3,ok,
534,Top News,1,ok,
534,Lambda,1,ok,
534,Trending Signals,5,ok,
534,DataCrunch,1,ok,
534,PyTorch Tip,3,ok,
537,Top News,1,ok,
537,Trending Signals,5,ok,
537,Lambda,1,ok,
543,Top News,1,ok,
543,Contextual AI,1,ok,
543,Trending Signals,5,ok,
543,Oxylabs,1,ok,
543,PyTorch Tip,3,ok,
547,Top News,1,ok,
547,AskUI,1,ok,
547,Trending Signals,5,ok,
547,DataCrunch,1,ok,
547,Deep Dive,3,ok,
559,Top News,1,ok,
559,HubSpot,1,ok,
559,Trending Signals,5,ok,
559,How To,3,ok,
564,Top News,1,ok,
564,Crossing Minds,1,ok,
564,Trending Signals,5,ok,
564,Top Lecture,3,ok,
565,Top News,1,ok,
565,Oxylabs,1,ok,
565,Trending Signals,5,ok,
565,Lambda,1,ok,
565,Python Tip,3,ok,
567,Top News,1,ok,
567,Trending Signals,5,ok,
567,Data Crunch,1,ok,
567,Python Tip,3,ok,
569,Top News,1,ok,
569,Assembly AI,1,ok,
569,Trending Signals,5,ok,
569,How To,3,ok,
572,Top News,1,ok,
572,Baseten,1,ok,
572,Trending Signals,5,ok,
572,Kungfu AI,1,ok,
572,PyTorch Tip,3,ok,
573,Top News,1,ok,
573,Galileo,1,ok,
573,Trending Signals,5,ok,
573,Deep Dive,3,ok,
574,Top News,1,ok,
574,Lambda,1,ok,
574,Trending Signals,5,ok,
574,Python Tip,3,ok,
576,Top News,1,ok,
576,Trending Signals,5,ok,
576,How To,3,ok,
581,Top News,1,ok,
581,Trending Signals,5,ok,
581,Deep Dive,3,ok,
584,Top News,1,ok,
584,Trending Signals,5,ok,
584,Python Tip,3,ok,
587,Top News,1,ok,
587,Trending Signals,5,ok,
587,Assembly AI,1,ok,
587,Top Tutorials,3,ok,
587,How To,1,ok,
606,Top News,1,ok,
606,Galileo,1,ok,
606,Trending Signals,5,ok,
606,Top Repos,3,ok,
606,Top Lecture,1,ok,
608,Top News,1,ok,
608,Trending Signals,5,ok,
608,Deep Dive,3,ok,
616,Top News,1,ok,
616,Trending Signals,5,ok,
616,Deep Dive,3,ok,
623,Top News,1,ok,
623,Crossing Minds,1,ok,
623,Trending Signals,5,ok,
623,Top Tutorials,3,ok,
623,How To,1,ok,
625,Top News,1,ok,
625,Nebius,1,ok,
625,Trending Signals,5,ok,
625,Crossing Minds,1,ok,
625,Top Repos,3,ok,
625,Top Lecture,1,ok,
628,Top News,1,ok,
628,Encord,1,ok,
628,Trending Signals,5,ok,
628,Crossing Minds,1,ok,
628,Top Models,3,ok,
628,Pytorch Tip,1,ok,
629,Top News,1,ok,
629,Trending Signals,5,ok,
629,Speechmatics,1,ok,
629,Top Lectures,3,ok,
629,Deep Dive,1,ok,
632,Top News,1,ok,
632,Activeloop,1,ok,
632,Trending Signals,5,ok,
632,Top Papers,3,ok,
632,Deep Dive,1,ok,
634,Top News,1,ok,
634,Trending Signals,5,ok,
634,AskUI,1,ok,
634,Top Tutorials,3,ok,
634,How To,1,ok,
638,Top News,1,ok,
638,Trending Signals,5,ok,
638,Encord,1,ok,
638,Top Repos,3,ok,
638,Top Lecture,1,ok,
643,Top News,1,ok,
643,AI21,1,ok,
643,Trending Signals,5,ok,
643,Top Lectures,3,ok,
643,Deep Dive,1,ok,
647,Top News,1,ok,
647,Speechmatics,1,ok,
647,Trending Signals,5,ok,
647,Top Repos,3,ok,
647,Top Lecture,1,ok,
653,Top News,1,ok,
653,Atla AI,1,ok,
653,Trending Signals,5,ok,
653,Top Tutorials,3,ok,
653,How To,1,ok,
656,Top News,1,ok,
656,Trending Signals,5,ok,
656,Top Papers,3,ok,
656,Python Tip,1,ok,
669,Top News,1,ok,
669,Inference,1,ok,
669,Trending Signals,5,ok,
669,AskUI,1,ok,
669,Top Tutorials,3,ok,
669,How To,1,ok,
672,Top News,1,ok,
672,Augment,1,ok,
672,Trending Signals,5,ok,
672,AI21,1,ok,
672,Top Repo,3,ok,
672,Top Lecture,1,ok,
676,Top News,1,ok,
676,Predibase,1,ok,
676,Trending Signals,5,ok,
676,Zep,1,ok,
676,Top Models,3,ok,
676,PyTorch Tip,1,ok,
679,Top News,1,ok,
679,Speechmatics,1,ok,
679,Trending Signals,5,ok,
679,Top Lectures,3,ok,
679,Deep Dive,1,ok,
687,Top News,1,ok,
687,Trending Signals,5,ok,
687,Assembly AI,1,ok,
687,Top Tutorials,3,ok,
687,How To,1,ok,
688,Top News,1,ok,
688,Encord,1,ok,
688,Trending Signals,5,ok,
688,Trending Repos,3,ok,
688,Top Lecture,1,ok,
689,Top News,1,ok,
689,AWS,1,ok,
689,Trending Signals,5,ok,
689,Top Models,3,ok,
689,Deep Dive,1,ok,
690,Top News,1,ok,
690,Trending Signals,5,ok,
690,Assembly AI,1,ok,
690,Top Lectures,3,ok,
690,Python Tip,1,ok,
692,Top News,1,ok,
692,Inference,1,ok,
692,Trending Signals,5,ok,
692,Top Papers,3,ok,
692,Pytorch Tip,1,ok,
693,Top News,1,ok,
693,Aiola,1,ok,
693,Trending Signals,5,ok,
693,Top Repos,3,ok,
693,Top Lecture,1,ok,
694,Top News,1,ok,
694,Augment code,1,ok,
694,Trending Signals,5,ok,
694,Top Models,3,ok,
694,PyTorch Tip,1,ok,
696,Top News,1,ok,
696,Trending Signals,5,ok,
696,Aiola,1,ok,
696,Top Lectures,3,ok,
696,Deep Dive,1,ok,
707,Top News,1,ok,
707,Encord,1,ok,
707,Trending Signals,5,ok,
707,Aiola,1,ok,
707,Top Tutorials,3,ok,
707,How To,1,ok,
723,Top News,1,ok,
723,Trending Signals,5,ok,
723,Trending Repos,3,ok,
723,Top Lecture,1,ok,
726,Top News,1,ok,
726,Speechmatics,1,ok,
726,Trending Signals,5,ok,
726,Top Lectures,3,ok,
726,Deep Dive,1,ok,
730,Top News,1,ok,
730,CoreWeave,1,ok,
730,Trending Signals,5,ok,
730,Top Tutorials,3,ok,
730,Deep Dive,1,ok,
735,Top News,1,ok,
735,ElevenLabs,1,ok,
735,Trending Signals,5,ok,
735,Top Substacks,3,ok,
735,Top Lecture,1,ok,
740,Top News,1,ok,
740,Trending Signals,5,ok,
740,Trending Repos,3,ok,
740,How To,1,ok,
746,Top News,1,ok,
746,Nylas,1,ok,
746,Trending Signals,5,ok,
746,Assembly AI,1,ok,
746,Top Tutorials,3,ok,
746,Deep Dive,1,ok,
747,Top News,1,ok,
747,Predibase,1,ok,
747,Trending Signals,5,ok,
747,Trending Repos,3,ok,
747,Top Lecture,1,ok,
756,Top News,1,ok,
756,Trending Signals,5,ok,
756,ElevenLabs,1,ok,
756,Top of YouTube,3,ok,
756,PyTorch Tip,1,ok,
758,Top News,1,ok,
758,Trending Signals,5,ok,
758,Top Substack Reads,3,ok,
758,Top Lecture,1,ok,
766,Top News,1,ok,
766,Aipolabs,1,ok,
766,Trending Signals,5,ok,
766,Trending Repos,3,ok,
766,How To,1,ok,
768,Top News,1,ok,
768,Trending Signals,5,ok,
768,Invisible,1,ok,
768,Top Models,3,ok,
768,Top Lecture,1,ok,
770,Top News,1,ok,
770,Trending Signals,5,ok,
770,Top Papers,3,ok,
770,Deep Dive,1,ok,
781,Top News,1,ok,
781,CoreSignal,1,ok,
781,Trending Signals,5,ok,
781,Top of YouTube,3,ok,
781,How To,1,ok,
